PPPOE,1111,1
PPPOE,1111,2
PPPOE,1111,3
PPPOE,1111,4
PPPOE,1111,5
PPPOE,1111,6
PPPOE,1111,7
PPPOE,1111,8
PPPOE,1111,9
PPPOE,1111,10
PPPOE,1111,11
PPPOE,1111,12
PPPOE,1111,13
PPPOE,1111,14
PPPOE,1111,15
PPPOE,1111,16
PPPOE,1111,17
PPPOE,1111,18
PPPOE,1111,19
PPPOE,1111,20
PPPOE,1111,21
PPPOE,1111,22
PPPOE,1111,23
PPPOE,1111,24
PPPOE,1111,25
PPPOE,1111,26
PPPOE,1111,27
PPPOE,1111,28
PPPOE,1111,29
PPPOE,1111,30
PPPOE,1111,31
PPPOE,1111,32
PPPOE,1111,33
PPPOE,1111,34
PPPOE,1111,35
PPPOE,1111,36
PPPOE,1111,37
PPPOE,1111,38
PPPOE,1111,39
PPPOE,1111,40
PPPOE,1111,41
PPPOE,1111,42
PPPOE,1111,43
PPPOE,1111,44
PPPOE,1111,45
PPPOE,1111,46
PPPOE,1111,47
PPPOE,1111,48
PPPOE,1111,49
PPPOE,1111,50
PPPOE,1111,51
PPPOE,1111,52
PPPOE,1111,53
PPPOE,1111,54
PPPOE,1111,55
PPPOE,1111,56
PPPOE,1111,57
PPPOE,1111,58
PPPOE,1111,59
PPPOE,1111,60
PPPOE,1111,61
PPPOE,1111,62
PPPOE,1111,63
PPPOE,1111,64
PPPOE,1111,65
PPPOE,1111,66
PPPOE,1111,67
PPPOE,1111,68
PPPOE,1111,69
PPPOE,1111,70
PPPOE,1111,71
PPPOE,1111,72
PPPOE,1111,73
PPPOE,1111,74
PPPOE,1111,75
PPPOE,1111,76
PPPOE,1111,77
PPPOE,1111,78
PPPOE,1111,79
PPPOE,1111,80
PPPOE,1111,81
PPPOE,1111,82
PPPOE,1111,83
PPPOE,1111,84
PPPOE,1111,85
PPPOE,1111,86
PPPOE,1111,87
PPPOE,1111,88
PPPOE,1111,89
PPPOE,1111,90
PPPOE,1111,91
PPPOE,1111,92
PPPOE,1111,93
PPPOE,1111,94
PPPOE,1111,95
PPPOE,1111,96
PPPOE,1111,97
PPPOE,1111,98
PPPOE,1111,99
PPPOE,1111,100
PPPOE,1111,101
PPPOE,1111,102
PPPOE,1111,103
PPPOE,1111,104
PPPOE,1111,105
PPPOE,1111,106
PPPOE,1111,107
PPPOE,1111,108
PPPOE,1111,109
PPPOE,1111,110
PPPOE,1111,111
PPPOE,1111,112
PPPOE,1111,113
PPPOE,1111,114
PPPOE,1111,115
PPPOE,1111,116
PPPOE,1111,117
PPPOE,1111,118
PPPOE,1111,119
PPPOE,1111,120
PPPOE,1111,121
PPPOE,1111,122
PPPOE,1111,123
PPPOE,1111,124
PPPOE,1111,125
PPPOE,1111,126
PPPOE,1111,127
PPPOE,1111,128
PPPOE,1111,129
PPPOE,1111,130
PPPOE,1111,131
PPPOE,1111,132
PPPOE,1111,133
PPPOE,1111,134
PPPOE,1111,135
PPPOE,1111,136
PPPOE,1111,137
PPPOE,1111,138
PPPOE,1111,139
PPPOE,1111,140
PPPOE,1111,141
PPPOE,1111,142
PPPOE,1111,143
PPPOE,1111,144
PPPOE,1111,145
PPPOE,1111,146
PPPOE,1111,147
PPPOE,1111,148
PPPOE,1111,149
PPPOE,1111,150
PPPOE,1111,151
PPPOE,1111,152
PPPOE,1111,153
PPPOE,1111,154
PPPOE,1111,155
PPPOE,1111,156
PPPOE,1111,157
PPPOE,1111,158
PPPOE,1111,159
PPPOE,1111,160
PPPOE,1111,161
PPPOE,1111,162
PPPOE,1111,163
PPPOE,1111,164
PPPOE,1111,165
PPPOE,1111,166
PPPOE,1111,167
PPPOE,1111,168
PPPOE,1111,169
PPPOE,1111,170
PPPOE,1111,171
PPPOE,1111,172
PPPOE,1111,173
PPPOE,1111,174
PPPOE,1111,175
PPPOE,1111,176
PPPOE,1111,177
PPPOE,1111,178
PPPOE,1111,179
PPPOE,1111,180
PPPOE,1111,181
PPPOE,1111,182
PPPOE,1111,183
PPPOE,1111,184
PPPOE,1111,185
PPPOE,1111,186
PPPOE,1111,187
PPPOE,1111,188
PPPOE,1111,189
PPPOE,1111,190
PPPOE,1111,191
PPPOE,1111,192
PPPOE,1111,193
PPPOE,1111,194
PPPOE,1111,195
PPPOE,1111,196
PPPOE,1111,197
PPPOE,1111,198
PPPOE,1111,199
PPPOE,1111,200
PPPOE,1111,201
PPPOE,1111,202
PPPOE,1111,203
PPPOE,1111,204
PPPOE,1111,205
PPPOE,1111,206
PPPOE,1111,207
PPPOE,1111,208
PPPOE,1111,209
PPPOE,1111,210
PPPOE,1111,211
PPPOE,1111,212
PPPOE,1111,213
PPPOE,1111,214
PPPOE,1111,215
PPPOE,1111,216
PPPOE,1111,217
PPPOE,1111,218
PPPOE,1111,219
PPPOE,1111,220
PPPOE,1111,221
PPPOE,1111,222
PPPOE,1111,223
PPPOE,1111,224
PPPOE,1111,225
PPPOE,1111,226
PPPOE,1111,227
PPPOE,1111,228
PPPOE,1111,229
PPPOE,1111,230
PPPOE,1111,231
PPPOE,1111,232
PPPOE,1111,233
PPPOE,1111,234
PPPOE,1111,235
PPPOE,1111,236
PPPOE,1111,237
PPPOE,1111,238
PPPOE,1111,239
PPPOE,1111,240
PPPOE,1111,241
PPPOE,1111,242
PPPOE,1111,243
PPPOE,1111,244
PPPOE,1111,245
PPPOE,1111,246
PPPOE,1111,247
PPPOE,1111,248
PPPOE,1111,249
PPPOE,1111,250
PPPOE,1111,251
PPPOE,1111,252
PPPOE,1111,253
PPPOE,1111,254
PPPOE,1111,255
PPPOE,1111,256
PPPOE,1111,257
PPPOE,1111,258
PPPOE,1111,259
PPPOE,1111,260
PPPOE,1111,261
PPPOE,1111,262
PPPOE,1111,263
PPPOE,1111,264
PPPOE,1111,265
PPPOE,1111,266
PPPOE,1111,267
PPPOE,1111,268
PPPOE,1111,269
PPPOE,1111,270
PPPOE,1111,271
PPPOE,1111,272
PPPOE,1111,273
PPPOE,1111,274
PPPOE,1111,275
PPPOE,1111,276
PPPOE,1111,277
PPPOE,1111,278
PPPOE,1111,279
PPPOE,1111,280
PPPOE,1111,281
PPPOE,1111,282
PPPOE,1111,283
PPPOE,1111,284
PPPOE,1111,285
PPPOE,1111,286
PPPOE,1111,287
PPPOE,1111,288
PPPOE,1111,289
PPPOE,1111,290
PPPOE,1111,291
PPPOE,1111,292
PPPOE,1111,293
PPPOE,1111,294
PPPOE,1111,295
PPPOE,1111,296
PPPOE,1111,297
PPPOE,1111,298
PPPOE,1111,299
PPPOE,1111,300
PPPOE,1111,301
PPPOE,1111,302
PPPOE,1111,303
PPPOE,1111,304
PPPOE,1111,305
PPPOE,1111,306
PPPOE,1111,307
PPPOE,1111,308
PPPOE,1111,309
PPPOE,1111,310
PPPOE,1111,311
PPPOE,1111,312
PPPOE,1111,313
PPPOE,1111,314
PPPOE,1111,315
PPPOE,1111,316
PPPOE,1111,317
PPPOE,1111,318
PPPOE,1111,319
PPPOE,1111,320
PPPOE,1111,321
PPPOE,1111,322
PPPOE,1111,323
PPPOE,1111,324
PPPOE,1111,325
PPPOE,1111,326
PPPOE,1111,327
PPPOE,1111,328
PPPOE,1111,329
PPPOE,1111,330
PPPOE,1111,331
PPPOE,1111,332
PPPOE,1111,333
PPPOE,1111,334
PPPOE,1111,335
PPPOE,1111,336
PPPOE,1111,337
PPPOE,1111,338
PPPOE,1111,339
PPPOE,1111,340
PPPOE,1111,341
PPPOE,1111,342
PPPOE,1111,343
PPPOE,1111,344
PPPOE,1111,345
PPPOE,1111,346
PPPOE,1111,347
PPPOE,1111,348
PPPOE,1111,349
PPPOE,1111,350
PPPOE,1111,351
PPPOE,1111,352
PPPOE,1111,353
PPPOE,1111,354
PPPOE,1111,355
PPPOE,1111,356
PPPOE,1111,357
PPPOE,1111,358
PPPOE,1111,359
PPPOE,1111,360
PPPOE,1111,361
PPPOE,1111,362
PPPOE,1111,363
PPPOE,1111,364
PPPOE,1111,365
PPPOE,1111,366
PPPOE,1111,367
PPPOE,1111,368
PPPOE,1111,369
PPPOE,1111,370
PPPOE,1111,371
PPPOE,1111,372
PPPOE,1111,373
PPPOE,1111,374
PPPOE,1111,375
PPPOE,1111,376
PPPOE,1111,377
PPPOE,1111,378
PPPOE,1111,379
PPPOE,1111,380
PPPOE,1111,381
PPPOE,1111,382
PPPOE,1111,383
PPPOE,1111,384
PPPOE,1111,385
PPPOE,1111,386
PPPOE,1111,387
PPPOE,1111,388
PPPOE,1111,389
PPPOE,1111,390
PPPOE,1111,391
PPPOE,1111,392
PPPOE,1111,393
PPPOE,1111,394
PPPOE,1111,395
PPPOE,1111,396
PPPOE,1111,397
PPPOE,1111,398
PPPOE,1111,399
PPPOE,1111,400
PPPOE,1111,401
PPPOE,1111,402
PPPOE,1111,403
PPPOE,1111,404
PPPOE,1111,405
PPPOE,1111,406
PPPOE,1111,407
PPPOE,1111,408
PPPOE,1111,409
PPPOE,1111,410
PPPOE,1111,411
PPPOE,1111,412
PPPOE,1111,413
PPPOE,1111,414
PPPOE,1111,415
PPPOE,1111,416
PPPOE,1111,417
PPPOE,1111,418
PPPOE,1111,419
PPPOE,1111,420
PPPOE,1111,421
PPPOE,1111,422
PPPOE,1111,423
PPPOE,1111,424
PPPOE,1111,425
PPPOE,1111,426
PPPOE,1111,427
PPPOE,1111,428
PPPOE,1111,429
PPPOE,1111,430
PPPOE,1111,431
PPPOE,1111,432
PPPOE,1111,433
PPPOE,1111,434
PPPOE,1111,435
PPPOE,1111,436
PPPOE,1111,437
PPPOE,1111,438
PPPOE,1111,439
PPPOE,1111,440
PPPOE,1111,441
PPPOE,1111,442
PPPOE,1111,443
PPPOE,1111,444
PPPOE,1111,445
PPPOE,1111,446
PPPOE,1111,447
PPPOE,1111,448
PPPOE,1111,449
PPPOE,1111,450
PPPOE,1111,451
PPPOE,1111,452
PPPOE,1111,453
PPPOE,1111,454
PPPOE,1111,455
PPPOE,1111,456
PPPOE,1111,457
PPPOE,1111,458
PPPOE,1111,459
PPPOE,1111,460
PPPOE,1111,461
PPPOE,1111,462
PPPOE,1111,463
PPPOE,1111,464
PPPOE,1111,465
PPPOE,1111,466
PPPOE,1111,467
PPPOE,1111,468
PPPOE,1111,469
PPPOE,1111,470
PPPOE,1111,471
PPPOE,1111,472
PPPOE,1111,473
PPPOE,1111,474
PPPOE,1111,475
PPPOE,1111,476
PPPOE,1111,477
PPPOE,1111,478
PPPOE,1111,479
PPPOE,1111,480
PPPOE,1111,481
PPPOE,1111,482
PPPOE,1111,483
PPPOE,1111,484
PPPOE,1111,485
PPPOE,1111,486
PPPOE,1111,487
PPPOE,1111,488
PPPOE,1111,489
PPPOE,1111,490
PPPOE,1111,491
PPPOE,1111,492
PPPOE,1111,493
PPPOE,1111,494
PPPOE,1111,495
PPPOE,1111,496
PPPOE,1111,497
PPPOE,1111,498
PPPOE,1111,499
PPPOE,1111,500
PPPOE,1111,501
PPPOE,1111,502
PPPOE,1111,503
PPPOE,1111,504
PPPOE,1111,505
PPPOE,1111,506
PPPOE,1111,507
PPPOE,1111,508
PPPOE,1111,509
PPPOE,1111,510
PPPOE,1111,511
PPPOE,1111,512
PPPOE,1111,513
PPPOE,1111,514
PPPOE,1111,515
PPPOE,1111,516
PPPOE,1111,517
PPPOE,1111,518
PPPOE,1111,519
PPPOE,1111,520
PPPOE,1111,521
PPPOE,1111,522
PPPOE,1111,523
PPPOE,1111,524
PPPOE,1111,525
PPPOE,1111,526
PPPOE,1111,527
PPPOE,1111,528
PPPOE,1111,529
PPPOE,1111,530
PPPOE,1111,531
PPPOE,1111,532
PPPOE,1111,533
PPPOE,1111,534
PPPOE,1111,535
PPPOE,1111,536
PPPOE,1111,537
PPPOE,1111,538
PPPOE,1111,539
PPPOE,1111,540
PPPOE,1111,541
PPPOE,1111,542
PPPOE,1111,543
PPPOE,1111,544
PPPOE,1111,545
PPPOE,1111,546
PPPOE,1111,547
PPPOE,1111,548
PPPOE,1111,549
PPPOE,1111,550
PPPOE,1111,551
PPPOE,1111,552
PPPOE,1111,553
PPPOE,1111,554
PPPOE,1111,555
PPPOE,1111,556
PPPOE,1111,557
PPPOE,1111,558
PPPOE,1111,559
PPPOE,1111,560
PPPOE,1111,561
PPPOE,1111,562
PPPOE,1111,563
PPPOE,1111,564
PPPOE,1111,565
PPPOE,1111,566
PPPOE,1111,567
PPPOE,1111,568
PPPOE,1111,569
PPPOE,1111,570
PPPOE,1111,571
PPPOE,1111,572
PPPOE,1111,573
PPPOE,1111,574
PPPOE,1111,575
PPPOE,1111,576
PPPOE,1111,577
PPPOE,1111,578
PPPOE,1111,579
PPPOE,1111,580
PPPOE,1111,581
PPPOE,1111,582
PPPOE,1111,583
PPPOE,1111,584
PPPOE,1111,585
PPPOE,1111,586
PPPOE,1111,587
PPPOE,1111,588
PPPOE,1111,589
PPPOE,1111,590
PPPOE,1111,591
PPPOE,1111,592
PPPOE,1111,593
PPPOE,1111,594
PPPOE,1111,595
PPPOE,1111,596
PPPOE,1111,597
PPPOE,1111,598
PPPOE,1111,599
PPPOE,1111,600
PPPOE,1111,601
PPPOE,1111,602
PPPOE,1111,603
PPPOE,1111,604
PPPOE,1111,605
PPPOE,1111,606
PPPOE,1111,607
PPPOE,1111,608
PPPOE,1111,609
PPPOE,1111,610
PPPOE,1111,611
PPPOE,1111,612
PPPOE,1111,613
PPPOE,1111,614
PPPOE,1111,615
PPPOE,1111,616
PPPOE,1111,617
PPPOE,1111,618
PPPOE,1111,619
PPPOE,1111,620
PPPOE,1111,621
PPPOE,1111,622
PPPOE,1111,623
PPPOE,1111,624
PPPOE,1111,625
PPPOE,1111,626
PPPOE,1111,627
PPPOE,1111,628
PPPOE,1111,629
PPPOE,1111,630
PPPOE,1111,631
PPPOE,1111,632
PPPOE,1111,633
PPPOE,1111,634
PPPOE,1111,635
PPPOE,1111,636
PPPOE,1111,637
PPPOE,1111,638
PPPOE,1111,639
PPPOE,1111,640
PPPOE,1111,641
PPPOE,1111,642
PPPOE,1111,643
PPPOE,1111,644
PPPOE,1111,645
PPPOE,1111,646
PPPOE,1111,647
PPPOE,1111,648
PPPOE,1111,649
OTT,1116,1
OTT,1116,2
OTT,1116,3
OTT,1116,4
OTT,1116,5
OTT,1116,6
OTT,1116,7
OTT,1116,8
OTT,1116,9
OTT,1116,10
OTT,1116,11
OTT,1116,12
OTT,1116,13
OTT,1116,14
OTT,1116,15
OTT,1116,16
OTT,1116,17
OTT,1116,18
OTT,1116,19
OTT,1116,20
OTT,1116,21
OTT,1116,22
OTT,1116,23
OTT,1116,24
OTT,1116,25
OTT,1116,26
OTT,1116,27
OTT,1116,28
OTT,1116,29
OTT,1116,30
OTT,1116,31
OTT,1116,32
OTT,1116,33
OTT,1116,34
OTT,1116,35
OTT,1116,36
OTT,1116,37
OTT,1116,38
OTT,1116,39
OTT,1116,40
OTT,1116,41
OTT,1116,42
OTT,1116,43
OTT,1116,44
OTT,1116,45
OTT,1116,46
OTT,1116,47
OTT,1116,48
OTT,1116,49
OTT,1116,50
OTT,1116,51
OTT,1116,52
OTT,1116,53
OTT,1116,54
OTT,1116,55
OTT,1116,56
OTT,1116,57
OTT,1116,58
OTT,1116,59
OTT,1116,60
OTT,1116,61
OTT,1116,62
OTT,1116,63
OTT,1116,64
OTT,1116,65
OTT,1116,66
OTT,1116,67
OTT,1116,68
OTT,1116,69
OTT,1116,70
OTT,1116,71
OTT,1116,72
OTT,1116,73
OTT,1116,74
OTT,1116,75
OTT,1116,76
OTT,1116,77
OTT,1116,78
OTT,1116,79
OTT,1116,80
OTT,1116,81
OTT,1116,82
OTT,1116,83
OTT,1116,84
OTT,1116,85
OTT,1116,86
OTT,1116,87
OTT,1116,88
OTT,1116,89
OTT,1116,90
OTT,1116,91
OTT,1116,92
OTT,1116,93
OTT,1116,94
OTT,1116,95
OTT,1116,96
OTT,1116,97
OTT,1116,98
OTT,1116,99
OTT,1116,100
OTT,1116,101
OTT,1116,102
OTT,1116,103
OTT,1116,104
OTT,1116,105
OTT,1116,106
OTT,1116,107
OTT,1116,108
OTT,1116,109
OTT,1116,110
OTT,1116,111
OTT,1116,112
OTT,1116,113
OTT,1116,114
OTT,1116,115
OTT,1116,116
OTT,1116,117
OTT,1116,118
OTT,1116,119
OTT,1116,120
OTT,1116,121
OTT,1116,122
OTT,1116,123
OTT,1116,124
OTT,1116,125
OTT,1116,126
OTT,1116,127
OTT,1116,128
OTT,1116,129
OTT,1116,130
OTT,1116,131
OTT,1116,132
OTT,1116,133
OTT,1116,134
OTT,1116,135
OTT,1116,136
OTT,1116,137
OTT,1116,138
OTT,1116,139
OTT,1116,140
OTT,1116,141
OTT,1116,142
OTT,1116,143
OTT,1116,144
OTT,1116,145
OTT,1116,146
OTT,1116,147
OTT,1116,148
OTT,1116,149
OTT,1116,150
OTT,1116,151
OTT,1116,152
OTT,1116,153
OTT,1116,154
OTT,1116,155
OTT,1116,156
OTT,1116,157
OTT,1116,158
OTT,1116,159
OTT,1116,160
OTT,1116,161
OTT,1116,162
OTT,1116,163
OTT,1116,164
OTT,1116,165
OTT,1116,166
OTT,1116,167
OTT,1116,168
OTT,1116,169
OTT,1116,170
OTT,1116,171
OTT,1116,172
OTT,1116,173
OTT,1116,174
OTT,1116,175
OTT,1116,176
OTT,1116,177
OTT,1116,178
OTT,1116,179
OTT,1116,180
OTT,1116,181
OTT,1116,182
OTT,1116,183
OTT,1116,184
OTT,1116,185
OTT,1116,186
OTT,1116,187
OTT,1116,188
OTT,1116,189
OTT,1116,190
OTT,1116,191
OTT,1116,192
OTT,1116,193
OTT,1116,194
OTT,1116,195
OTT,1116,196
OTT,1116,197
OTT,1116,198
OTT,1116,199
OTT,1116,200
OTT,1116,201
OTT,1116,202
OTT,1116,203
OTT,1116,204
OTT,1116,205
OTT,1116,206
OTT,1116,207
OTT,1116,208
OTT,1116,209
OTT,1116,210
OTT,1116,211
OTT,1116,212
OTT,1116,213
OTT,1116,214
OTT,1116,215
OTT,1116,216
OTT,1116,217
OTT,1116,218
OTT,1116,219
OTT,1116,220
OTT,1116,221
OTT,1116,222
OTT,1116,223
OTT,1116,224
OTT,1116,225
OTT,1116,226
OTT,1116,227
OTT,1116,228
OTT,1116,229
OTT,1116,230
OTT,1116,231
OTT,1116,232
OTT,1116,233
OTT,1116,234
OTT,1116,235
OTT,1116,236
OTT,1116,237
OTT,1116,238
OTT,1116,239
OTT,1116,240
OTT,1116,241
OTT,1116,242
OTT,1116,243
OTT,1116,244
OTT,1116,245
OTT,1116,246
OTT,1116,247
OTT,1116,248
OTT,1116,249
OTT,1116,250
OTT,1116,251
OTT,1116,252
OTT,1116,253
OTT,1116,254
OTT,1116,255
OTT,1116,256
OTT,1116,257
OTT,1116,258
OTT,1116,259
OTT,1116,260
OTT,1116,261
OTT,1116,262
OTT,1116,263
OTT,1116,264
OTT,1116,265
OTT,1116,266
OTT,1116,267
OTT,1116,268
OTT,1116,269
OTT,1116,270
OTT,1116,271
OTT,1116,272
OTT,1116,273
OTT,1116,274
OTT,1116,275
OTT,1116,276
OTT,1116,277
OTT,1116,278
OTT,1116,279
OTT,1116,280
OTT,1116,281
OTT,1116,282
OTT,1116,283
OTT,1116,284
OTT,1116,285
OTT,1116,286
OTT,1116,287
OTT,1116,288
OTT,1116,289
OTT,1116,290
OTT,1116,291
OTT,1116,292
OTT,1116,293
OTT,1116,294
OTT,1116,295
OTT,1116,296
OTT,1116,297
OTT,1116,298
OTT,1116,299
OTT,1116,300
OTT,1116,301
OTT,1116,302
OTT,1116,303
OTT,1116,304
OTT,1116,305
OTT,1116,306
OTT,1116,307
OTT,1116,308
OTT,1116,309
OTT,1116,310
OTT,1116,311
OTT,1116,312
OTT,1116,313
OTT,1116,314
OTT,1116,315
OTT,1116,316
OTT,1116,317
OTT,1116,318
OTT,1116,319
OTT,1116,320
OTT,1116,321
OTT,1116,322
OTT,1116,323
OTT,1116,324
OTT,1116,325
OTT,1116,326
OTT,1116,327
OTT,1116,328
OTT,1116,329
OTT,1116,330
OTT,1116,331
OTT,1116,332
OTT,1116,333
OTT,1116,334
OTT,1116,335
OTT,1116,336
OTT,1116,337
OTT,1116,338
OTT,1116,339
OTT,1116,340
OTT,1116,341
OTT,1116,342
OTT,1116,343
OTT,1116,344
OTT,1116,345
OTT,1116,346
OTT,1116,347
OTT,1116,348
OTT,1116,349
OTT,1116,350
OTT,1116,351
OTT,1116,352
OTT,1116,353
OTT,1116,354
OTT,1116,355
OTT,1116,356
OTT,1116,357
OTT,1116,358
OTT,1116,359
OTT,1116,360
OTT,1116,361
OTT,1116,362
OTT,1116,363
OTT,1116,364
OTT,1116,365
OTT,1116,366
OTT,1116,367
OTT,1116,368
OTT,1116,369
OTT,1116,370
OTT,1116,371
OTT,1116,372
OTT,1116,373
OTT,1116,374
OTT,1116,375
OTT,1116,376
OTT,1116,377
OTT,1116,378
OTT,1116,379
OTT,1116,380
OTT,1116,381
OTT,1116,382
OTT,1116,383
OTT,1116,384
OTT,1116,385
OTT,1116,386
OTT,1116,387
OTT,1116,388
OTT,1116,389
OTT,1116,390
OTT,1116,391
OTT,1116,392
OTT,1116,393
OTT,1116,394
OTT,1116,395
OTT,1116,396
OTT,1116,397
OTT,1116,398
OTT,1116,399
OTT,1116,400
OTT,1116,401
OTT,1116,402
OTT,1116,403
OTT,1116,404
OTT,1116,405
OTT,1116,406
OTT,1116,407
OTT,1116,408
OTT,1116,409
OTT,1116,410
OTT,1116,411
OTT,1116,412
OTT,1116,413
OTT,1116,414
OTT,1116,415
OTT,1116,416
OTT,1116,417
OTT,1116,418
OTT,1116,419
OTT,1116,420
OTT,1116,421
OTT,1116,422
OTT,1116,423
OTT,1116,424
OTT,1116,425
OTT,1116,426
OTT,1116,427
OTT,1116,428
OTT,1116,429
OTT,1116,430
OTT,1116,431
OTT,1116,432
OTT,1116,433
OTT,1116,434
OTT,1116,435
OTT,1116,436
OTT,1116,437
OTT,1116,438
OTT,1116,439
OTT,1116,440
OTT,1116,441
OTT,1116,442
OTT,1116,443
OTT,1116,444
OTT,1116,445
OTT,1116,446
OTT,1116,447
OTT,1116,448
OTT,1116,449
OTT,1116,450
OTT,1116,451
OTT,1116,452
OTT,1116,453
OTT,1116,454
OTT,1116,455
OTT,1116,456
OTT,1116,457
OTT,1116,458
OTT,1116,459
OTT,1116,460
OTT,1116,461
OTT,1116,462
OTT,1116,463
OTT,1116,464
OTT,1116,465
OTT,1116,466
OTT,1116,467
OTT,1116,468
OTT,1116,469
OTT,1116,470
OTT,1116,471
OTT,1116,472
OTT,1116,473
OTT,1116,474
OTT,1116,475
OTT,1116,476
OTT,1116,477
OTT,1116,478
OTT,1116,479
OTT,1116,480
OTT,1116,481
OTT,1116,482
OTT,1116,483
OTT,1116,484
OTT,1116,485
OTT,1116,486
OTT,1116,487
OTT,1116,488
OTT,1116,489
OTT,1116,490
OTT,1116,491
OTT,1116,492
OTT,1116,493
OTT,1116,494
OTT,1116,495
OTT,1116,496
OTT,1116,497
OTT,1116,498
OTT,1116,499
OTT,1116,500
OTT,1116,501
OTT,1116,502
OTT,1116,503
OTT,1116,504
OTT,1116,505
OTT,1116,506
OTT,1116,507
OTT,1116,508
OTT,1116,509
OTT,1116,510
OTT,1116,511
OTT,1116,512
OTT,1116,513
OTT,1116,514
OTT,1116,515
OTT,1116,516
OTT,1116,517
OTT,1116,518
OTT,1116,519
OTT,1116,520
OTT,1116,521
OTT,1116,522
OTT,1116,523
OTT,1116,524
OTT,1116,525
OTT,1116,526
OTT,1116,527
OTT,1116,528
OTT,1116,529
OTT,1116,530
OTT,1116,531
OTT,1116,532
OTT,1116,533
OTT,1116,534
OTT,1116,535
OTT,1116,536
OTT,1116,537
OTT,1116,538
OTT,1116,539
OTT,1116,540
OTT,1116,541
OTT,1116,542
OTT,1116,543
OTT,1116,544
OTT,1116,545
OTT,1116,546
OTT,1116,547
OTT,1116,548
OTT,1116,549
OTT,1116,550
OTT,1116,551
OTT,1116,552
OTT,1116,553
OTT,1116,554
OTT,1116,555
OTT,1116,556
OTT,1116,557
OTT,1116,558
OTT,1116,559
OTT,1116,560
OTT,1116,561
OTT,1116,562
OTT,1116,563
OTT,1116,564
OTT,1116,565
OTT,1116,566
OTT,1116,567
OTT,1116,568
OTT,1116,569
OTT,1116,570
OTT,1116,571
OTT,1116,572
OTT,1116,573
OTT,1116,574
OTT,1116,575
OTT,1116,576
OTT,1116,577
OTT,1116,578
OTT,1116,579
OTT,1116,580
OTT,1116,581
OTT,1116,582
OTT,1116,583
OTT,1116,584
OTT,1116,585
OTT,1116,586
OTT,1116,587
OTT,1116,588
OTT,1116,589
OTT,1116,590
OTT,1116,591
OTT,1116,592
OTT,1116,593
OTT,1116,594
OTT,1116,595
OTT,1116,596
OTT,1116,597
OTT,1116,598
OTT,1116,599
OTT,1116,600
OTT,1116,601
OTT,1116,602
OTT,1116,603
OTT,1116,604
OTT,1116,605
OTT,1116,606
OTT,1116,607
OTT,1116,608
OTT,1116,609
OTT,1116,610
OTT,1116,611
OTT,1116,612
OTT,1116,613
OTT,1116,614
OTT,1116,615
OTT,1116,616
OTT,1116,617
OTT,1116,618
OTT,1116,619
OTT,1116,620
OTT,1116,621
OTT,1116,622
OTT,1116,623
OTT,1116,624
OTT,1116,625
OTT,1116,626
OTT,1116,627
OTT,1116,628
OTT,1116,629
OTT,1116,630
OTT,1116,631
OTT,1116,632
OTT,1116,633
OTT,1116,634
OTT,1116,635
OTT,1116,636
OTT,1116,637
OTT,1116,638
OTT,1116,639
OTT,1116,640
OTT,1116,641
OTT,1116,642
OTT,1116,643
OTT,1116,644
OTT,1116,645
OTT,1116,646
OTT,1116,647
OTT,1116,648
OTT,1116,649
OTT,1116,650
OTT,1116,651
OTT,1116,652
OTT,1116,653
OTT,1116,654
OTT,1116,655
OTT,1116,656
OTT,1116,657
OTT,1116,658
OTT,1116,659
OTT,1116,660
OTT,1116,661
OTT,1116,662
OTT,1116,663
OTT,1116,664
OTT,1116,665
OTT,1116,666
OTT,1116,667
OTT,1116,668
OTT,1116,669
OTT,1116,670
OTT,1116,671
OTT,1116,672
OTT,1116,673
OTT,1116,674
OTT,1116,675
OTT,1116,676
OTT,1116,677
OTT,1116,678
OTT,1116,679
OTT,1116,680
OTT,1116,681
OTT,1116,682
OTT,1116,683
OTT,1116,684
OTT,1116,685
OTT,1116,686
OTT,1116,687
OTT,1116,688
OTT,1116,689
OTT,1116,690
OTT,1116,691
OTT,1116,692
OTT,1116,693
OTT,1116,694
OTT,1116,695
OTT,1116,696
OTT,1116,697
OTT,1116,698
OTT,1116,699
OTT,1116,700
OTT,1116,701
OTT,1116,702
OTT,1116,703
OTT,1116,704
OTT,1116,705
OTT,1116,706
OTT,1116,707
OTT,1116,708
OTT,1116,709
OTT,1116,710
OTT,1116,711
OTT,1116,712
OTT,1116,713
OTT,1116,714
OTT,1116,715
OTT,1116,716
OTT,1116,717
OTT,1116,718
OTT,1116,719
OTT,1116,720
OTT,1116,721
OTT,1116,722
OTT,1116,723
OTT,1116,724
OTT,1116,725
OTT,1116,726
OTT,1116,727
OTT,1116,728
OTT,1116,729
OTT,1116,730
OTT,1116,731
OTT,1116,732
OTT,1116,733
OTT,1116,734
OTT,1116,735
OTT,1116,736
OTT,1116,737
OTT,1116,738
OTT,1116,739
OTT,1116,740
OTT,1116,741
OTT,1116,742
OTT,1116,743
OTT,1116,744
OTT,1116,745
OTT,1116,746
OTT,1116,747
OTT,1116,748
OTT,1116,749
OTT,1116,750
OTT,1116,751
OTT,1116,752
OTT,1116,753
OTT,1116,754
OTT,1116,755
OTT,1116,756
OTT,1116,757
OTT,1116,758
OTT,1116,759
OTT,1116,760
OTT,1116,761
OTT,1116,762
OTT,1116,763
OTT,1116,764
OTT,1116,765
OTT,1116,766
OTT,1116,767
OTT,1116,768
OTT,1116,769
OTT,1116,770
OTT,1116,771
OTT,1116,772
OTT,1116,773
OTT,1116,774
OTT,1116,775
OTT,1116,776
OTT,1116,777
OTT,1116,778
OTT,1116,779
OTT,1116,780
OTT,1116,781
OTT,1116,782
OTT,1116,783
OTT,1116,784
OTT,1116,785
OTT,1116,786
OTT,1116,787
OTT,1116,788
OTT,1116,789
OTT,1116,790
OTT,1116,791
OTT,1116,792
OTT,1116,793
OTT,1116,794
OTT,1116,795
OTT,1116,796
OTT,1116,797
OTT,1116,798
OTT,1116,799
OTT,1116,800
OTT,1116,801
OTT,1116,802
OTT,1116,803
OTT,1116,804
OTT,1116,805
OTT,1116,806
OTT,1116,807
OTT,1116,808
OTT,1116,809
OTT,1116,810
OTT,1116,811
OTT,1116,812
OTT,1116,813
OTT,1116,814
OTT,1116,815
OTT,1116,816
OTT,1116,817
OTT,1116,818
OTT,1116,819
OTT,1116,820
OTT,1116,821
OTT,1116,822
OTT,1116,823
OTT,1116,824
OTT,1116,825
OTT,1116,826
OTT,1116,827
OTT,1116,828
OTT,1116,829
OTT,1116,830
OTT,1116,831
OTT,1116,832
OTT,1116,833
OTT,1116,834
OTT,1116,835
OTT,1116,836
OTT,1116,837
OTT,1116,838
OTT,1116,839
OTT,1116,840
OTT,1116,841
OTT,1116,842
OTT,1116,843
OTT,1116,844
OTT,1116,845
OTT,1116,846
OTT,1116,847
OTT,1116,848
OTT,1116,849
OTT,1116,850
OTT,1116,851
OTT,1116,852
OTT,1116,853
OTT,1116,854
OTT,1116,855
OTT,1116,856
OTT,1116,857
OTT,1116,858
OTT,1116,859
OTT,1116,860
OTT,1116,861
OTT,1116,862
OTT,1116,863
OTT,1116,864
OTT,1116,865
OTT,1116,866
OTT,1116,867
OTT,1116,868
OTT,1116,869
OTT,1116,870
OTT,1116,871
OTT,1116,872
OTT,1116,873
OTT,1116,874
OTT,1116,875
OTT,1116,876
OTT,1116,877
OTT,1116,878
OTT,1116,879
OTT,1116,880
OTT,1116,881
OTT,1116,882
OTT,1116,883
OTT,1116,884
OTT,1116,885
OTT,1116,886
OTT,1116,887
OTT,1116,888
OTT,1116,889
OTT,1116,890
OTT,1116,891
OTT,1116,892
OTT,1116,893
OTT,1116,894
OTT,1116,895
OTT,1116,896
OTT,1116,897
OTT,1116,898
OTT,1116,899
OTT,1116,900
OTT,1116,901
OTT,1116,902
OTT,1116,903
OTT,1116,904
OTT,1116,905
OTT,1116,906
OTT,1116,907
OTT,1116,908
OTT,1116,909
TR069,1118,1
TR069,1118,2
TR069,1118,3
TR069,1118,4
TR069,1118,5
TR069,1118,6
TR069,1118,7
TR069,1118,8
TR069,1118,9
TR069,1118,10
TR069,1118,11
TR069,1118,12
TR069,1118,13
TR069,1118,14
TR069,1118,15
TR069,1118,16
TR069,1118,17
TR069,1118,18
TR069,1118,19
TR069,1118,20
TR069,1118,21
TR069,1118,22
TR069,1118,23
TR069,1118,24
TR069,1118,25
TR069,1118,26
TR069,1118,27
TR069,1118,28
TR069,1118,29
TR069,1118,30
TR069,1118,31
TR069,1118,32
TR069,1118,33
TR069,1118,34
TR069,1118,35
TR069,1118,36
TR069,1118,37
TR069,1118,38
TR069,1118,39
TR069,1118,40
TR069,1118,41
TR069,1118,42
TR069,1118,43
TR069,1118,44
TR069,1118,45
TR069,1118,46
TR069,1118,47
TR069,1118,48
TR069,1118,49
TR069,1118,50
TR069,1118,51
TR069,1118,52
TR069,1118,53
TR069,1118,54
TR069,1118,55
TR069,1118,56
TR069,1118,57
TR069,1118,58
TR069,1118,59
TR069,1118,60
TR069,1118,61
TR069,1118,62
TR069,1118,63
TR069,1118,64
TR069,1118,65
TR069,1118,66
TR069,1118,67
TR069,1118,68
TR069,1118,69
TR069,1118,70
TR069,1118,71
TR069,1118,72
TR069,1118,73
TR069,1118,74
TR069,1118,75
TR069,1118,76
TR069,1118,77
TR069,1118,78
TR069,1118,79
TR069,1118,80
TR069,1118,81
TR069,1118,82
TR069,1118,83
TR069,1118,84
TR069,1118,85
TR069,1118,86
TR069,1118,87
TR069,1118,88
TR069,1118,89
TR069,1118,90
TR069,1118,91
TR069,1118,92
TR069,1118,93
TR069,1118,94
TR069,1118,95
TR069,1118,96
TR069,1118,97
TR069,1118,98
TR069,1118,99
TR069,1118,100
TR069,1118,101
TR069,1118,102
TR069,1118,103
TR069,1118,104
TR069,1118,105
TR069,1118,106
TR069,1118,107
TR069,1118,108
TR069,1118,109
TR069,1118,110
TR069,1118,111
TR069,1118,112
TR069,1118,113
TR069,1118,114
TR069,1118,115
TR069,1118,116
TR069,1118,117
TR069,1118,118
TR069,1118,119
TR069,1118,120
TR069,1118,121
TR069,1118,122
TR069,1118,123
TR069,1118,124
TR069,1118,125
TR069,1118,126
TR069,1118,127
TR069,1118,128
TR069,1118,129
TR069,1118,130
TR069,1118,131
TR069,1118,132
TR069,1118,133
TR069,1118,134
TR069,1118,135
TR069,1118,136
TR069,1118,137
TR069,1118,138
TR069,1118,139
TR069,1118,140
TR069,1118,141
TR069,1118,142
TR069,1118,143
TR069,1118,144
TR069,1118,145
TR069,1118,146
TR069,1118,147
TR069,1118,148
TR069,1118,149
TR069,1118,150
TR069,1118,151
TR069,1118,152
TR069,1118,153
TR069,1118,154
TR069,1118,155
TR069,1118,156
TR069,1118,157
TR069,1118,158
TR069,1118,159
TR069,1118,160
TR069,1118,161
TR069,1118,162
TR069,1118,163
TR069,1118,164
TR069,1118,165
TR069,1118,166
TR069,1118,167
TR069,1118,168
TR069,1118,169
TR069,1118,170
TR069,1118,171
TR069,1118,172
TR069,1118,173
TR069,1118,174
TR069,1118,175
TR069,1118,176
TR069,1118,177
TR069,1118,178
TR069,1118,179
TR069,1118,180
TR069,1118,181
TR069,1118,182
TR069,1118,183
TR069,1118,184
TR069,1118,185
TR069,1118,186
TR069,1118,187
TR069,1118,188
TR069,1118,189
TR069,1118,190
TR069,1118,191
TR069,1118,192
TR069,1118,193
TR069,1118,194
TR069,1118,195
TR069,1118,196
TR069,1118,197
TR069,1118,198
TR069,1118,199
TR069,1118,200
TR069,1118,201
TR069,1118,202
TR069,1118,203
TR069,1118,204
TR069,1118,205
TR069,1118,206
TR069,1118,207
TR069,1118,208
TR069,1118,209
TR069,1118,210
TR069,1118,211
TR069,1118,212
TR069,1118,213
TR069,1118,214
TR069,1118,215
TR069,1118,216
TR069,1118,217
TR069,1118,218
TR069,1118,219
TR069,1118,220
TR069,1118,221
TR069,1118,222
TR069,1118,223
TR069,1118,224
TR069,1118,225
TR069,1118,226
TR069,1118,227
TR069,1118,228
TR069,1118,229
TR069,1118,230
TR069,1118,231
TR069,1118,232
TR069,1118,233
TR069,1118,234
TR069,1118,235
TR069,1118,236
TR069,1118,237
TR069,1118,238
TR069,1118,239
TR069,1118,240
TR069,1118,241
TR069,1118,242
TR069,1118,243
TR069,1118,244
TR069,1118,245
TR069,1118,246
TR069,1118,247
TR069,1118,248
TR069,1118,249
TR069,1118,250
TR069,1118,251
TR069,1118,252
TR069,1118,253
TR069,1118,254
TR069,1118,255
TR069,1118,256
TR069,1118,257
TR069,1118,258
TR069,1118,259
TR069,1118,260
TR069,1118,261
TR069,1118,262
TR069,1118,263
TR069,1118,264
TR069,1118,265
TR069,1118,266
TR069,1118,267
TR069,1118,268
TR069,1118,269
TR069,1118,270
TR069,1118,271
TR069,1118,272
TR069,1118,273
TR069,1118,274
TR069,1118,275
TR069,1118,276
TR069,1118,277
TR069,1118,278
TR069,1118,279
TR069,1118,280
TR069,1118,281
TR069,1118,282
TR069,1118,283
TR069,1118,284
TR069,1118,285
TR069,1118,286
TR069,1118,287
TR069,1118,288
TR069,1118,289
TR069,1118,290
TR069,1118,291
TR069,1118,292
TR069,1118,293
TR069,1118,294
TR069,1118,295
TR069,1118,296
TR069,1118,297
TR069,1118,298
TR069,1118,299
TR069,1118,300
TR069,1118,301
TR069,1118,302
TR069,1118,303
TR069,1118,304
TR069,1118,305
TR069,1118,306
TR069,1118,307
TR069,1118,308
TR069,1118,309
TR069,1118,310
TR069,1118,311
TR069,1118,312
TR069,1118,313
TR069,1118,314
TR069,1118,315
TR069,1118,316
TR069,1118,317
TR069,1118,318
TR069,1118,319
TR069,1118,320
TR069,1118,321
TR069,1118,322
TR069,1118,323
TR069,1118,324
TR069,1118,325
TR069,1118,326
TR069,1118,327
TR069,1118,328
TR069,1118,329
TR069,1118,330
TR069,1118,331
TR069,1118,332
TR069,1118,333
TR069,1118,334
TR069,1118,335
TR069,1118,336
TR069,1118,337
TR069,1118,338
TR069,1118,339
TR069,1118,340
TR069,1118,341
TR069,1118,342
TR069,1118,343
TR069,1118,344
TR069,1118,345
TR069,1118,346
TR069,1118,347
TR069,1118,348
TR069,1118,349
TR069,1118,350
TR069,1118,351
TR069,1118,352
TR069,1118,353
TR069,1118,354
TR069,1118,355
TR069,1118,356
TR069,1118,357
TR069,1118,358
TR069,1118,359
TR069,1118,360
TR069,1118,361
TR069,1118,362
TR069,1118,363
TR069,1118,364
TR069,1118,365
TR069,1118,366
TR069,1118,367
TR069,1118,368
TR069,1118,369
TR069,1118,370
TR069,1118,371
TR069,1118,372
TR069,1118,373
TR069,1118,374
TR069,1118,375
TR069,1118,376
TR069,1118,377
TR069,1118,378
TR069,1118,379
TR069,1118,380
TR069,1118,381
TR069,1118,382
TR069,1118,383
TR069,1118,384
TR069,1118,385
TR069,1118,386
TR069,1118,387
TR069,1118,388
TR069,1118,389
TR069,1118,390
TR069,1118,391
TR069,1118,392
TR069,1118,393
TR069,1118,394
TR069,1118,395
TR069,1118,396
TR069,1118,397
TR069,1118,398
TR069,1118,399
TR069,1118,400
TR069,1118,401
TR069,1118,402
TR069,1118,403
TR069,1118,404
TR069,1118,405
TR069,1118,406
TR069,1118,407
TR069,1118,408
TR069,1118,409
TR069,1118,410
TR069,1118,411
TR069,1118,412
TR069,1118,413
TR069,1118,414
TR069,1118,415
TR069,1118,416
TR069,1118,417
TR069,1118,418
TR069,1118,419
TR069,1118,420
TR069,1118,421
TR069,1118,422
TR069,1118,423
TR069,1118,424
TR069,1118,425
TR069,1118,426
TR069,1118,427
TR069,1118,428
TR069,1118,429
TR069,1118,430
TR069,1118,431
TR069,1118,432
TR069,1118,433
TR069,1118,434
TR069,1118,435
TR069,1118,436
TR069,1118,437
TR069,1118,438
TR069,1118,439
TR069,1118,440
TR069,1118,441
TR069,1118,442
TR069,1118,443
TR069,1118,444
TR069,1118,445
TR069,1118,446
TR069,1118,447
TR069,1118,448
TR069,1118,449
TR069,1118,450
TR069,1118,451
TR069,1118,452
TR069,1118,453
TR069,1118,454
TR069,1118,455
TR069,1118,456
TR069,1118,457
TR069,1118,458
TR069,1118,459
TR069,1118,460
TR069,1118,461
TR069,1118,462
TR069,1118,463
TR069,1118,464
TR069,1118,465
TR069,1118,466
TR069,1118,467
TR069,1118,468
TR069,1118,469
TR069,1118,470
TR069,1118,471
TR069,1118,472
TR069,1118,473
TR069,1118,474
TR069,1118,475
TR069,1118,476
TR069,1118,477
TR069,1118,478
TR069,1118,479
TR069,1118,480
TR069,1118,481
TR069,1118,482
TR069,1118,483
TR069,1118,484
TR069,1118,485
TR069,1118,486
TR069,1118,487
TR069,1118,488
TR069,1118,489
TR069,1118,490
TR069,1118,491
TR069,1118,492
TR069,1118,493
TR069,1118,494
TR069,1118,495
TR069,1118,496
TR069,1118,497
TR069,1118,498
TR069,1118,499
TR069,1118,500
TR069,1118,501
TR069,1118,502
TR069,1118,503
TR069,1118,504
TR069,1118,505
TR069,1118,506
TR069,1118,507
TR069,1118,508
TR069,1118,509
TR069,1118,510
TR069,1118,511
TR069,1118,512
TR069,1118,513
TR069,1118,514
TR069,1118,515
TR069,1118,516
TR069,1118,517
TR069,1118,518
TR069,1118,519
TR069,1118,520
TR069,1118,521
TR069,1118,522
TR069,1118,523
TR069,1118,524
TR069,1118,525
TR069,1118,526
TR069,1118,527
TR069,1118,528
TR069,1118,529
TR069,1118,530
TR069,1118,531
TR069,1118,532
TR069,1118,533
TR069,1118,534
TR069,1118,535
TR069,1118,536
TR069,1118,537
TR069,1118,538
TR069,1118,539
TR069,1118,540
TR069,1118,541
TR069,1118,542
TR069,1118,543
TR069,1118,544
TR069,1118,545
TR069,1118,546
TR069,1118,547
TR069,1118,548
TR069,1118,549
TR069,1118,550
TR069,1118,551
TR069,1118,552
TR069,1118,553
TR069,1118,554
TR069,1118,555
TR069,1118,556
TR069,1118,557
TR069,1118,558
TR069,1118,559
TR069,1118,560
TR069,1118,561
TR069,1118,562
TR069,1118,563
TR069,1118,564
TR069,1118,565
TR069,1118,566
TR069,1118,567
TR069,1118,568
TR069,1118,569
TR069,1118,570
TR069,1118,571
TR069,1118,572
TR069,1118,573
TR069,1118,574
TR069,1118,575
TR069,1118,576
TR069,1118,577
TR069,1118,578
TR069,1118,579
TR069,1118,580
TR069,1118,581
TR069,1118,582
TR069,1118,583
TR069,1118,584
TR069,1118,585
TR069,1118,586
TR069,1118,587
TR069,1118,588
TR069,1118,589
TR069,1118,590
TR069,1118,591
TR069,1118,592
TR069,1118,593
TR069,1118,594
TR069,1118,595
TR069,1118,596
TR069,1118,597
TR069,1118,598
TR069,1118,599
TR069,1118,600
TR069,1118,601
TR069,1118,602
TR069,1118,603
TR069,1118,604
TR069,1118,605
TR069,1118,606
TR069,1118,607
TR069,1118,608
TR069,1118,609
TR069,1118,610
TR069,1118,611
TR069,1118,612
TR069,1118,613
TR069,1118,614
TR069,1118,615
TR069,1118,616
TR069,1118,617
TR069,1118,618
TR069,1118,619
TR069,1118,620
TR069,1118,621
TR069,1118,622
TR069,1118,623
TR069,1118,624
TR069,1118,625
TR069,1118,626
TR069,1118,627
TR069,1118,628
TR069,1118,629
TR069,1118,630
TR069,1118,631
TR069,1118,632
TR069,1118,633
TR069,1118,634
TR069,1118,635
TR069,1118,636
TR069,1118,637
TR069,1118,638
TR069,1118,639
TR069,1118,640
TR069,1118,641
TR069,1118,642
TR069,1118,643
TR069,1118,644
TR069,1118,645
TR069,1118,646
TR069,1118,647
TR069,1118,648
TR069,1118,649
TR069,1118,650
TR069,1118,651
TR069,1118,652
TR069,1118,653
TR069,1118,654
TR069,1118,655
TR069,1118,656
TR069,1118,657
TR069,1118,658
TR069,1118,659
TR069,1118,660
TR069,1118,661
TR069,1118,662
TR069,1118,663
TR069,1118,664
TR069,1118,665
TR069,1118,666
TR069,1118,667
TR069,1118,668
TR069,1118,669
TR069,1118,670
TR069,1118,671
TR069,1118,672
TR069,1118,673
TR069,1118,674
TR069,1118,675
TR069,1118,676
TR069,1118,677
TR069,1118,678
TR069,1118,679
TR069,1118,680
TR069,1118,681
TR069,1118,682
TR069,1118,683
TR069,1118,684
TR069,1118,685
TR069,1118,686
TR069,1118,687
TR069,1118,688
TR069,1118,689
TR069,1118,690
TR069,1118,691
TR069,1118,692
TR069,1118,693
TR069,1118,694
TR069,1118,695
TR069,1118,696
TR069,1118,697
TR069,1118,698
TR069,1118,699
TR069,1118,700
TR069,1118,701
TR069,1118,702
TR069,1118,703
TR069,1118,704
TR069,1118,705
TR069,1118,706
TR069,1118,707
TR069,1118,708
TR069,1118,709
TR069,1118,710
TR069,1118,711
TR069,1118,712
TR069,1118,713
TR069,1118,714
TR069,1118,715
TR069,1118,716
TR069,1118,717
TR069,1118,718
TR069,1118,719
TR069,1118,720
TR069,1118,721
TR069,1118,722
TR069,1118,723
TR069,1118,724
TR069,1118,725
TR069,1118,726
TR069,1118,727
TR069,1118,728
TR069,1118,729
TR069,1118,730
TR069,1118,731
TR069,1118,732
TR069,1118,733
TR069,1118,734
TR069,1118,735
TR069,1118,736
TR069,1118,737
TR069,1118,738
TR069,1118,739
TR069,1118,740
TR069,1118,741
TR069,1118,742
TR069,1118,743
TR069,1118,744
TR069,1118,745
TR069,1118,746
TR069,1118,747
TR069,1118,748
TR069,1118,749
TR069,1118,750
TR069,1118,751
TR069,1118,752
TR069,1118,753
TR069,1118,754
TR069,1118,755
TR069,1118,756
TR069,1118,757
TR069,1118,758
TR069,1118,759
TR069,1118,760
TR069,1118,761
TR069,1118,762
TR069,1118,763
TR069,1118,764
TR069,1118,765
TR069,1118,766
TR069,1118,767
TR069,1118,768
TR069,1118,769
TR069,1118,770
TR069,1118,771
TR069,1118,772
TR069,1118,773
TR069,1118,774
TR069,1118,775
TR069,1118,776
TR069,1118,777
TR069,1118,778
TR069,1118,779
TR069,1118,780
TR069,1118,781
TR069,1118,782
TR069,1118,783
TR069,1118,784
TR069,1118,785
TR069,1118,786
TR069,1118,787
TR069,1118,788
TR069,1118,789
TR069,1118,790
TR069,1118,791
TR069,1118,792
TR069,1118,793
TR069,1118,794
TR069,1118,795
TR069,1118,796
TR069,1118,797
TR069,1118,798
TR069,1118,799
TR069,1118,800
TR069,1118,801
TR069,1118,802
TR069,1118,803
TR069,1118,804
TR069,1118,805
TR069,1118,806
TR069,1118,807
TR069,1118,808
TR069,1118,809
TR069,1118,810
TR069,1118,811
TR069,1118,812
TR069,1118,813
TR069,1118,814
TR069,1118,815
TR069,1118,816
TR069,1118,817
TR069,1118,818
TR069,1118,819
TR069,1118,820
TR069,1118,821
TR069,1118,822
TR069,1118,823
TR069,1118,824
TR069,1118,825
TR069,1118,826
TR069,1118,827
TR069,1118,828
TR069,1118,829
TR069,1118,830
TR069,1118,831
TR069,1118,832
TR069,1118,833
TR069,1118,834
TR069,1118,835
TR069,1118,836
TR069,1118,837
TR069,1118,838
TR069,1118,839
TR069,1118,840
TR069,1118,841
TR069,1118,842
TR069,1118,843
TR069,1118,844
TR069,1118,845
TR069,1118,846
TR069,1118,847
TR069,1118,848
TR069,1118,849
TR069,1118,850
TR069,1118,851
TR069,1118,852
TR069,1118,853
TR069,1118,854
TR069,1118,855
TR069,1118,856
TR069,1118,857
TR069,1118,858
TR069,1118,859
TR069,1118,860
TR069,1118,861
TR069,1118,862
TR069,1118,863
TR069,1118,864
TR069,1118,865
TR069,1118,866
TR069,1118,867
TR069,1118,868
TR069,1118,869
TR069,1118,870
TR069,1118,871
TR069,1118,872
TR069,1118,873
TR069,1118,874
TR069,1118,875
TR069,1118,876
TR069,1118,877
TR069,1118,878
TR069,1118,879
TR069,1118,880
TR069,1118,881
TR069,1118,882
TR069,1118,883
TR069,1118,884
TR069,1118,885
TR069,1118,886
TR069,1118,887
TR069,1118,888
TR069,1118,889
TR069,1118,890
TR069,1118,891
TR069,1118,892
TR069,1118,893
TR069,1118,894
TR069,1118,895
TR069,1118,896
TR069,1118,897
TR069,1118,898
TR069,1118,899
TR069,1118,900
TR069,1118,901
TR069,1118,902
TR069,1118,903
TR069,1118,904
TR069,1118,905
TR069,1118,906
TR069,1118,907
TR069,1118,908
TR069,1118,909
TR069,1118,910
TR069,1118,911
TR069,1118,912
TR069,1118,913
TR069,1118,914
TR069,1118,915
TR069,1118,916
TR069,1118,917
TR069,1118,918
TR069,1118,919
TR069,1118,920
TR069,1118,921
TR069,1118,922
TR069,1118,923
TR069,1118,924
TR069,1118,925
TR069,1118,926
TR069,1118,927
TR069,1118,928
TR069,1118,929
TR069,1118,930
TR069,1118,931
TR069,1118,932
TR069,1118,933
TR069,1118,934
TR069,1118,935
TR069,1118,936
TR069,1118,937
TR069,1118,938
TR069,1118,939
